巫覡,遣い手,剣技,,
巫覡,遣い手,武術,,
巫覡,遣い手,軍事,,
巫覡,遣い手,護衛,,
巫覡,遣い手,陰陽,,
巫覡,遣い手,神道,,
巫覡,遣い手,忍法,,
巫覡,遣い手,計略,,
巫覡,審神者,剣技,,
巫覡,審神者,武術,,
巫覡,審神者,軍事,,
巫覡,審神者,護衛,,
巫覡,審神者,陰陽,,
巫覡,審神者,神道,,
巫覡,審神者,忍法,,
巫覡,審神者,計略,,
巫覡,結界師,剣技,,
巫覡,結界師,武術,,
巫覡,結界師,軍事,,
巫覡,結界師,護衛,,
巫覡,結界師,陰陽,,
巫覡,結界師,神道,,
巫覡,結界師,忍法,,
巫覡,結界師,計略,,
巫覡,憑霊士,剣技,,
巫覡,憑霊士,武術,,
巫覡,憑霊士,軍事,,
巫覡,憑霊士,護衛,,
巫覡,憑霊士,陰陽,,
巫覡,憑霊士,神道,,
巫覡,憑霊士,忍法,,
巫覡,憑霊士,計略,,
付喪神,武器,剣技,,
付喪神,武器,武術,,
付喪神,武器,軍事,,
付喪神,武器,護衛,,
付喪神,武器,陰陽,,
付喪神,武器,神道,,
付喪神,武器,忍法,,
付喪神,武器,計略,,
付喪神,衣装,剣技,,
付喪神,衣装,武術,,
付喪神,衣装,軍事,,
付喪神,衣装,護衛,,
付喪神,衣装,陰陽,,
付喪神,衣装,神道,,
付喪神,衣装,忍法,,
付喪神,衣装,計略,,
付喪神,装飾品,剣技,,
付喪神,装飾品,武術,,
付喪神,装飾品,軍事,,
付喪神,装飾品,護衛,,
付喪神,装飾品,陰陽,,
付喪神,装飾品,神道,,
付喪神,装飾品,忍法,,
付喪神,装飾品,計略,,
付喪神,小道具,剣技,,
付喪神,小道具,武術,,
付喪神,小道具,軍事,,
付喪神,小道具,護衛,,
付喪神,小道具,陰陽,,
付喪神,小道具,神道,,
付喪神,小道具,忍法,,
付喪神,小道具,計略,,